RF no funcional,Criterio de S2,Relación con otras fuentes,Verificación y decisión,Estado de auditoría del código
RNF-01,Matching ≤ 3 s en carga normal,S1 propone ≤ 5 s bajo carga académica; interacción p95 ≤ 2 s.,"Definir inicio/fin, estadístico, carga y dataset; conservar 3 s como requisito documentado y resolver conflicto. Cronometrar CNF-01.",Pendiente de verificación integral; consultar inventario de pruebas.
RNF-02,Al menos 200 usuarios concurrentes,S1 deja capacidad y carga pendientes.,"Definir mezcla, duración, rampa y degradación admisible; ejecutar CNF-02 con recursos y errores registrados.",Pendiente de verificación integral; consultar inventario de pruebas.
RNF-03,"Chrome, Edge, Firefox y diseño móvil",S1 propone acordar navegadores/dispositivo.,"Fijar versiones y resolución; P1 en cada entorno, evidencia CNF-03.",Pendiente de verificación integral; consultar inventario de pruebas.
RNF-04,SUS ≥ 70,S1 propone ≥ 80% de tareas sin ayuda crítica.,"Son métricas complementarias; aprobar muestra y medir ambas en CNF-04, sin sustituir una por otra.",Pendiente de verificación integral; consultar inventario de pruebas.
RNF-05,Solicitud en ≤ 5 pasos o ≤ 3 min,"S1 exige tareas comprensibles, sin ese límite.",Aclarar si basta uno de los dos límites; medir pasos y tiempo por participante en CNF-05.,Pendiente de verificación integral; consultar inventario de pruebas.
RNF-06,Disponibilidad mensual ≥ 99%,S1 excluye demostrar continuidad productiva 24×7.,Mantener RNF para operación; ensayo académico informa solo su ventana. CNF-06 requiere mes observado para validar el umbral mensual.,Pendiente de verificación integral; consultar inventario de pruebas.
RNF-07,Hasta 3 reintentos de notificación,S1 deja canales/reintentos en DP-14.,"Conservar tres como requisito documentado; aprobar intervalos, intento inicial y caducidad; probar fallos en CNF-07.",Pendiente de verificación integral; consultar inventario de pruebas.
RNF-08,Hash robusto y ninguna contraseña en texto plano,S1 deja parte de la política en DP-16.,"Inspeccionar almacenamiento y logs con cuentas sintéticas; bcrypt es ejemplo, no implementación constatada. CNF-08.",Pendiente de verificación integral; consultar inventario de pruebas.
RNF-09,Control de acceso por rol,S1 exige negativas y protección por rol.,Aprobar matriz de permisos y propiedad; probar UI/API/datos con roles y usuarios ajenos. CNF-09.,Pendiente de verificación integral; consultar inventario de pruebas.
RNF-10,HTTPS/TLS en todos los módulos,S1 no fija configuración detallada de transporte.,"Inventariar endpoints, verificar conexión protegida y ausencia de contenido sensible en claro en QA. CNF-10.",Pendiente de verificación integral; consultar inventario de pruebas.
RNF-11,Capas con bajo acoplamiento,S1 no aporta umbral estructural.,Revisar dependencias y separación UI/lógica/datos; registrar hallazgos y regresión del cambio. CNF-11.,Pendiente de verificación integral; consultar inventario de pruebas.
RNF-12,≥ 70% de pruebas automatizadas en módulos críticos,"Plantilla ejemplifica 80% y 85%, que no son requisitos de TécnicoYa.","Definir si cobertura corresponde a líneas, ramas o casos y verificar por matching, notificación y calificación. CNF-12.",Pendiente de verificación integral; consultar inventario de pruebas.
RNF-13,"Docker en desarrollo, QA y producción",S1 deja infraestructura pendiente; S2 propone Docker Compose.,Comprobar despliegue reproducible con build real y variables por entorno; producción no se valida solo con QA. CNF-13.,Pendiente de verificación integral; consultar inventario de pruebas.
RNF-14,Migraciones versionadas sin pérdida de integridad,S1 exige base reiniciable y trazabilidad.,"Ejecutar migración sobre copia, comparar conteos/relaciones y ensayar restauración. CNF-14.",Pendiente de verificación integral; consultar inventario de pruebas.
